{"cameraMode":{"drawMode":0,"name":"Shaded","section":"Shading Mode"},"sceneLighting":true,"audioPlay":false,"sceneViewState":{"m_AlwaysRefresh":false,"showFog":true,"showSkybox":true,"showFlares":true,"showImageEffects":true,"showParticleSystems":true,"showVisualEffectGraphs":true,"m_FxEnabled":true},"in2DMode":false,"pivot":{"x":1.567958950996399,"y":0.8112726807594299,"z":1.8479400873184205},"rotation":{"x":0.22194629907608033,"y":-0.07013948261737824,"z":0.016005830839276315,"w":0.9724072217941284},"size":1.2777557373046876,"orthographic":false}