{"cameraMode":{"drawMode":0,"name":"Shaded","section":"Shading Mode"},"sceneLighting":true,"audioPlay":false,"sceneViewState":{"m_AlwaysRefresh":false,"showFog":true,"showSkybox":false,"showFlares":true,"showImageEffects":true,"showParticleSystems":true,"showVisualEffectGraphs":true,"m_FxEnabled":true},"in2DMode":false,"pivot":{"x":-8.674060821533204,"y":0.9100000858306885,"z":1.100306510925293},"rotation":{"x":-0.046403463929891589,"y":-0.9347788095474243,"z":0.13296575844287873,"w":-0.32616937160491946},"size":4.531088829040527,"orthographic":false}