{"cameraMode":{"drawMode":0,"name":"Shaded","section":"Shading Mode"},"sceneLighting":false,"audioPlay":false,"sceneViewState":{"m_AlwaysRefresh":false,"showFog":true,"showSkybox":false,"showFlares":true,"showImageEffects":true,"showParticleSystems":true,"showVisualEffectGraphs":true,"m_FxEnabled":true},"in2DMode":false,"pivot":{"x":0.8700000047683716,"y":1.2649999856948853,"z":-1.5779999494552613},"rotation":{"x":-0.22455380856990815,"y":-0.5871649384498596,"z":0.17393480241298676,"w":-0.7580225467681885},"size":0.008660245686769486,"orthographic":false}