{"cameraMode":{"drawMode":0,"name":"Shaded","section":"Shading Mode"},"sceneLighting":true,"audioPlay":false,"sceneViewState":{"m_AlwaysRefresh":false,"showFog":true,"showSkybox":false,"showFlares":true,"showImageEffects":true,"showParticleSystems":true,"showVisualEffectGraphs":true,"m_FxEnabled":true},"in2DMode":false,"pivot":{"x":-8.674060821533204,"y":1.0750000476837159,"z":1.100306510925293},"rotation":{"x":-0.15007944405078889,"y":0.24864882230758668,"z":-0.03903220593929291,"w":-0.9561169743537903},"size":3.0310888290405275,"orthographic":false}